scenario,base,type,propensityModelMisspecified,riskModelMisspecified,sampleSize,harm,riskModel,b0,b1,b2,b3,b4,b5,b6,b7,b8,b9,b10,g0,g1,g2,c,averageTrueBenefit,averageBenefit
1,risk,constant,true,true,4250,absent,control,-2,0.3,36,-0.73,-0.2,0,0,0,0.71,-0.19,0.26,-0.5108256237659907,1,0,0,0.04,0.04
2,risk,constant,true,true,4250,absent,matched,-2,0.3,36,-0.73,-0.2,0,0,0,0.71,-0.19,0.26,-0.5108256237659907,1,0,0,0.04,0.04
3,risk,constant,true,true,4250,strong-positive,control,-2,0.3,36,-0.73,-0.2,0,0,0,0.71,-0.19,0.26,-0.5108256237659907,1,0,0,0.04,0.03
4,risk,constant,true,true,4250,strong-positive,matched,-2,0.3,36,-0.73,-0.2,0,0,0,0.71,-0.19,0.26,-0.5108256237659907,1,0,0,0.04,0.03
5,risk,constant,true,true,4250,negative,control,-2,0.3,36,-0.73,-0.2,0,0,0,0.71,-0.19,0.26,-0.5108256237659907,1,0,0,0.04,0.05
6,risk,constant,true,true,4250,negative,matched,-2,0.3,36,-0.73,-0.2,0,0,0,0.71,-0.19,0.26,-0.5108256237659907,1,0,0,0.04,0.05
7,risk,constant,true,true,2125,absent,control,-2,0.3,36,-0.73,-0.2,0,0,0,0.71,-0.19,0.26,-0.5108256237659907,1,0,0,0.04,0.04
8,risk,constant,true,true,2125,absent,matched,-2,0.3,36,-0.73,-0.2,0,0,0,0.71,-0.19,0.26,-0.5108256237659907,1,0,0,0.04,0.04
9,risk,constant,true,true,2125,strong-positive,control,-2,0.3,36,-0.73,-0.2,0,0,0,0.71,-0.19,0.26,-0.5108256237659907,1,0,0,0.04,0.03
10,risk,constant,true,true,2125,strong-positive,matched,-2,0.3,36,-0.73,-0.2,0,0,0,0.71,-0.19,0.26,-0.5108256237659907,1,0,0,0.04,0.03
11,risk,constant,true,true,2125,negative,control,-2,0.3,36,-0.73,-0.2,0,0,0,0.71,-0.19,0.26,-0.5108256237659907,1,0,0,0.04,0.05
12,risk,constant,true,true,2125,negative,matched,-2,0.3,36,-0.73,-0.2,0,0,0,0.71,-0.19,0.26,-0.5108256237659907,1,0,0,0.04,0.05
13,risk,constant,true,true,17000,absent,control,-2,0.3,36,-0.73,-0.2,0,0,0,0.71,-0.19,0.26,-0.5108256237659907,1,0,0,0.04,0.04
14,risk,constant,true,true,17000,absent,matched,-2,0.3,36,-0.73,-0.2,0,0,0,0.71,-0.19,0.26,-0.5108256237659907,1,0,0,0.04,0.04
15,risk,constant,true,true,17000,strong-positive,control,-2,0.3,36,-0.73,-0.2,0,0,0,0.71,-0.19,0.26,-0.5108256237659907,1,0,0,0.04,0.03
16,risk,constant,true,true,17000,strong-positive,matched,-2,0.3,36,-0.73,-0.2,0,0,0,0.71,-0.19,0.26,-0.5108256237659907,1,0,0,0.04,0.03
17,risk,constant,true,true,17000,negative,control,-2,0.3,36,-0.73,-0.2,0,0,0,0.71,-0.19,0.26,-0.5108256237659907,1,0,0,0.04,0.05
18,risk,constant,true,true,17000,negative,matched,-2,0.3,36,-0.73,-0.2,0,0,0,0.71,-0.19,0.26,-0.5108256237659907,1,0,0,0.04,0.05
19,risk,constant,true,misspecified,4250,absent,control,-2,0.3,36,-0.73,-0.2,0,0,0,0.71,-0.19,0.26,-0.5108256237659907,1,0,0,0.04,0.04
20,risk,constant,true,misspecified,4250,absent,matched,-2,0.3,36,-0.73,-0.2,0,0,0,0.71,-0.19,0.26,-0.5108256237659907,1,0,0,0.04,0.04
21,risk,constant,true,misspecified,4250,strong-positive,control,-2,0.3,36,-0.73,-0.2,0,0,0,0.71,-0.19,0.26,-0.5108256237659907,1,0,0,0.04,0.03
22,risk,constant,true,misspecified,4250,strong-positive,matched,-2,0.3,36,-0.73,-0.2,0,0,0,0.71,-0.19,0.26,-0.5108256237659907,1,0,0,0.04,0.03
23,risk,constant,true,misspecified,4250,negative,control,-2,0.3,36,-0.73,-0.2,0,0,0,0.71,-0.19,0.26,-0.5108256237659907,1,0,0,0.04,0.05
24,risk,constant,true,misspecified,4250,negative,matched,-2,0.3,36,-0.73,-0.2,0,0,0,0.71,-0.19,0.26,-0.5108256237659907,1,0,0,0.04,0.05
25,risk,constant,true,misspecified,2125,absent,control,-2,0.3,36,-0.73,-0.2,0,0,0,0.71,-0.19,0.26,-0.5108256237659907,1,0,0,0.04,0.04
26,risk,constant,true,misspecified,2125,absent,matched,-2,0.3,36,-0.73,-0.2,0,0,0,0.71,-0.19,0.26,-0.5108256237659907,1,0,0,0.04,0.04
27,risk,constant,true,misspecified,2125,strong-positive,control,-2,0.3,36,-0.73,-0.2,0,0,0,0.71,-0.19,0.26,-0.5108256237659907,1,0,0,0.04,0.03
28,risk,constant,true,misspecified,2125,strong-positive,matched,-2,0.3,36,-0.73,-0.2,0,0,0,0.71,-0.19,0.26,-0.5108256237659907,1,0,0,0.04,0.03
29,risk,constant,true,misspecified,2125,negative,control,-2,0.3,36,-0.73,-0.2,0,0,0,0.71,-0.19,0.26,-0.5108256237659907,1,0,0,0.04,0.05
30,risk,constant,true,misspecified,2125,negative,matched,-2,0.3,36,-0.73,-0.2,0,0,0,0.71,-0.19,0.26,-0.5108256237659907,1,0,0,0.04,0.05
31,risk,constant,true,misspecified,17000,absent,control,-2,0.3,36,-0.73,-0.2,0,0,0,0.71,-0.19,0.26,-0.5108256237659907,1,0,0,0.04,0.04
32,risk,constant,true,misspecified,17000,absent,matched,-2,0.3,36,-0.73,-0.2,0,0,0,0.71,-0.19,0.26,-0.5108256237659907,1,0,0,0.04,0.04
33,risk,constant,true,misspecified,17000,strong-positive,control,-2,0.3,36,-0.73,-0.2,0,0,0,0.71,-0.19,0.26,-0.5108256237659907,1,0,0,0.04,0.03
34,risk,constant,true,misspecified,17000,strong-positive,matched,-2,0.3,36,-0.73,-0.2,0,0,0,0.71,-0.19,0.26,-0.5108256237659907,1,0,0,0.04,0.03
35,risk,constant,true,misspecified,17000,negative,control,-2,0.3,36,-0.73,-0.2,0,0,0,0.71,-0.19,0.26,-0.5108256237659907,1,0,0,0.04,0.05
36,risk,constant,true,misspecified,17000,negative,matched,-2,0.3,36,-0.73,-0.2,0,0,0,0.71,-0.19,0.26,-0.5108256237659907,1,0,0,0.04,0.05
37,risk,constant,misspecified,true,4250,absent,control,-2,0.3,36,-0.73,-0.2,0,0,0,0.71,-0.19,0.26,-0.5108256237659907,1,0,0,0.04,0.04
38,risk,constant,misspecified,true,4250,absent,matched,-2,0.3,36,-0.73,-0.2,0,0,0,0.71,-0.19,0.26,-0.5108256237659907,1,0,0,0.04,0.04
39,risk,constant,misspecified,true,4250,strong-positive,control,-2,0.3,36,-0.73,-0.2,0,0,0,0.71,-0.19,0.26,-0.5108256237659907,1,0,0,0.04,0.03
40,risk,constant,misspecified,true,4250,strong-positive,matched,-2,0.3,36,-0.73,-0.2,0,0,0,0.71,-0.19,0.26,-0.5108256237659907,1,0,0,0.04,0.03
41,risk,constant,misspecified,true,4250,negative,control,-2,0.3,36,-0.73,-0.2,0,0,0,0.71,-0.19,0.26,-0.5108256237659907,1,0,0,0.04,0.05
42,risk,constant,misspecified,true,4250,negative,matched,-2,0.3,36,-0.73,-0.2,0,0,0,0.71,-0.19,0.26,-0.5108256237659907,1,0,0,0.04,0.05
43,risk,constant,misspecified,true,2125,absent,control,-2,0.3,36,-0.73,-0.2,0,0,0,0.71,-0.19,0.26,-0.5108256237659907,1,0,0,0.04,0.04
44,risk,constant,misspecified,true,2125,absent,matched,-2,0.3,36,-0.73,-0.2,0,0,0,0.71,-0.19,0.26,-0.5108256237659907,1,0,0,0.04,0.04
45,risk,constant,misspecified,true,2125,strong-positive,control,-2,0.3,36,-0.73,-0.2,0,0,0,0.71,-0.19,0.26,-0.5108256237659907,1,0,0,0.04,0.03
46,risk,constant,misspecified,true,2125,strong-positive,matched,-2,0.3,36,-0.73,-0.2,0,0,0,0.71,-0.19,0.26,-0.5108256237659907,1,0,0,0.04,0.03
47,risk,constant,misspecified,true,2125,negative,control,-2,0.3,36,-0.73,-0.2,0,0,0,0.71,-0.19,0.26,-0.5108256237659907,1,0,0,0.04,0.05
48,risk,constant,misspecified,true,2125,negative,matched,-2,0.3,36,-0.73,-0.2,0,0,0,0.71,-0.19,0.26,-0.5108256237659907,1,0,0,0.04,0.05
49,risk,constant,misspecified,true,17000,absent,control,-2,0.3,36,-0.73,-0.2,0,0,0,0.71,-0.19,0.26,-0.5108256237659907,1,0,0,0.04,0.04
50,risk,constant,misspecified,true,17000,absent,matched,-2,0.3,36,-0.73,-0.2,0,0,0,0.71,-0.19,0.26,-0.5108256237659907,1,0,0,0.04,0.04
51,risk,constant,misspecified,true,17000,strong-positive,control,-2,0.3,36,-0.73,-0.2,0,0,0,0.71,-0.19,0.26,-0.5108256237659907,1,0,0,0.04,0.03
52,risk,constant,misspecified,true,17000,strong-positive,matched,-2,0.3,36,-0.73,-0.2,0,0,0,0.71,-0.19,0.26,-0.5108256237659907,1,0,0,0.04,0.03
53,risk,constant,misspecified,true,17000,negative,control,-2,0.3,36,-0.73,-0.2,0,0,0,0.71,-0.19,0.26,-0.5108256237659907,1,0,0,0.04,0.05
54,risk,constant,misspecified,true,17000,negative,matched,-2,0.3,36,-0.73,-0.2,0,0,0,0.71,-0.19,0.26,-0.5108256237659907,1,0,0,0.04,0.05
55,risk,constant,misspecified,misspecified,4250,absent,control,-2,0.3,36,-0.73,-0.2,0,0,0,0.71,-0.19,0.26,-0.5108256237659907,1,0,0,0.04,0.04
56,risk,constant,misspecified,misspecified,4250,absent,matched,-2,0.3,36,-0.73,-0.2,0,0,0,0.71,-0.19,0.26,-0.5108256237659907,1,0,0,0.04,0.04
57,risk,constant,misspecified,misspecified,4250,strong-positive,control,-2,0.3,36,-0.73,-0.2,0,0,0,0.71,-0.19,0.26,-0.5108256237659907,1,0,0,0.04,0.03
58,risk,constant,misspecified,misspecified,4250,strong-positive,matched,-2,0.3,36,-0.73,-0.2,0,0,0,0.71,-0.19,0.26,-0.5108256237659907,1,0,0,0.04,0.03
59,risk,constant,misspecified,misspecified,4250,negative,control,-2,0.3,36,-0.73,-0.2,0,0,0,0.71,-0.19,0.26,-0.5108256237659907,1,0,0,0.04,0.05
60,risk,constant,misspecified,misspecified,4250,negative,matched,-2,0.3,36,-0.73,-0.2,0,0,0,0.71,-0.19,0.26,-0.5108256237659907,1,0,0,0.04,0.05
61,risk,constant,misspecified,misspecified,2125,absent,control,-2,0.3,36,-0.73,-0.2,0,0,0,0.71,-0.19,0.26,-0.5108256237659907,1,0,0,0.04,0.04
62,risk,constant,misspecified,misspecified,2125,absent,matched,-2,0.3,36,-0.73,-0.2,0,0,0,0.71,-0.19,0.26,-0.5108256237659907,1,0,0,0.04,0.04
63,risk,constant,misspecified,misspecified,2125,strong-positive,control,-2,0.3,36,-0.73,-0.2,0,0,0,0.71,-0.19,0.26,-0.5108256237659907,1,0,0,0.04,0.03
64,risk,constant,misspecified,misspecified,2125,strong-positive,matched,-2,0.3,36,-0.73,-0.2,0,0,0,0.71,-0.19,0.26,-0.5108256237659907,1,0,0,0.04,0.03
65,risk,constant,misspecified,misspecified,2125,negative,control,-2,0.3,36,-0.73,-0.2,0,0,0,0.71,-0.19,0.26,-0.5108256237659907,1,0,0,0.04,0.05
66,risk,constant,misspecified,misspecified,2125,negative,matched,-2,0.3,36,-0.73,-0.2,0,0,0,0.71,-0.19,0.26,-0.5108256237659907,1,0,0,0.04,0.05
67,risk,constant,misspecified,misspecified,17000,absent,control,-2,0.3,36,-0.73,-0.2,0,0,0,0.71,-0.19,0.26,-0.5108256237659907,1,0,0,0.04,0.04
68,risk,constant,misspecified,misspecified,17000,absent,matched,-2,0.3,36,-0.73,-0.2,0,0,0,0.71,-0.19,0.26,-0.5108256237659907,1,0,0,0.04,0.04
69,risk,constant,misspecified,misspecified,17000,strong-positive,control,-2,0.3,36,-0.73,-0.2,0,0,0,0.71,-0.19,0.26,-0.5108256237659907,1,0,0,0.04,0.03
70,risk,constant,misspecified,misspecified,17000,strong-positive,matched,-2,0.3,36,-0.73,-0.2,0,0,0,0.71,-0.19,0.26,-0.5108256237659907,1,0,0,0.04,0.03
71,risk,constant,misspecified,misspecified,17000,negative,control,-2,0.3,36,-0.73,-0.2,0,0,0,0.71,-0.19,0.26,-0.5108256237659907,1,0,0,0.04,0.05
72,risk,constant,misspecified,misspecified,17000,negative,matched,-2,0.3,36,-0.73,-0.2,0,0,0,0.71,-0.19,0.26,-0.5108256237659907,1,0,0,0.04,0.05
73,risk,linear-high,true,true,4250,absent,control,-2,0.3,36,-0.73,-0.2,0,0,0,0.71,-0.19,0.26,-0.85,0.7956044,0,0,0.04,0.04
74,risk,linear-high,true,true,4250,absent,matched,-2,0.3,36,-0.73,-0.2,0,0,0,0.71,-0.19,0.26,-0.85,0.7956044,0,0,0.04,0.04
75,risk,linear-high,true,true,4250,strong-positive,control,-2,0.3,36,-0.73,-0.2,0,0,0,0.71,-0.19,0.26,-0.85,0.7956044,0,0,0.04,0.03
76,risk,linear-high,true,true,4250,strong-positive,matched,-2,0.3,36,-0.73,-0.2,0,0,0,0.71,-0.19,0.26,-0.85,0.7956044,0,0,0.04,0.03
77,risk,linear-high,true,true,4250,negative,control,-2,0.3,36,-0.73,-0.2,0,0,0,0.71,-0.19,0.26,-0.85,0.7956044,0,0,0.04,0.05
78,risk,linear-high,true,true,4250,negative,matched,-2,0.3,36,-0.73,-0.2,0,0,0,0.71,-0.19,0.26,-0.85,0.7956044,0,0,0.04,0.05
79,risk,linear-high,true,true,2125,absent,control,-2,0.3,36,-0.73,-0.2,0,0,0,0.71,-0.19,0.26,-0.85,0.7956044,0,0,0.04,0.04
80,risk,linear-high,true,true,2125,absent,matched,-2,0.3,36,-0.73,-0.2,0,0,0,0.71,-0.19,0.26,-0.85,0.7956044,0,0,0.04,0.04
81,risk,linear-high,true,true,2125,strong-positive,control,-2,0.3,36,-0.73,-0.2,0,0,0,0.71,-0.19,0.26,-0.85,0.7956044,0,0,0.04,0.03
82,risk,linear-high,true,true,2125,strong-positive,matched,-2,0.3,36,-0.73,-0.2,0,0,0,0.71,-0.19,0.26,-0.85,0.7956044,0,0,0.04,0.03
83,risk,linear-high,true,true,2125,negative,control,-2,0.3,36,-0.73,-0.2,0,0,0,0.71,-0.19,0.26,-0.85,0.7956044,0,0,0.04,0.05
84,risk,linear-high,true,true,2125,negative,matched,-2,0.3,36,-0.73,-0.2,0,0,0,0.71,-0.19,0.26,-0.85,0.7956044,0,0,0.04,0.05
85,risk,linear-high,true,true,17000,absent,control,-2,0.3,36,-0.73,-0.2,0,0,0,0.71,-0.19,0.26,-0.85,0.7956044,0,0,0.04,0.04
86,risk,linear-high,true,true,17000,absent,matched,-2,0.3,36,-0.73,-0.2,0,0,0,0.71,-0.19,0.26,-0.85,0.7956044,0,0,0.04,0.04
87,risk,linear-high,true,true,17000,strong-positive,control,-2,0.3,36,-0.73,-0.2,0,0,0,0.71,-0.19,0.26,-0.85,0.7956044,0,0,0.04,0.03
88,risk,linear-high,true,true,17000,strong-positive,matched,-2,0.3,36,-0.73,-0.2,0,0,0,0.71,-0.19,0.26,-0.85,0.7956044,0,0,0.04,0.03
89,risk,linear-high,true,true,17000,negative,control,-2,0.3,36,-0.73,-0.2,0,0,0,0.71,-0.19,0.26,-0.85,0.7956044,0,0,0.04,0.05
90,risk,linear-high,true,true,17000,negative,matched,-2,0.3,36,-0.73,-0.2,0,0,0,0.71,-0.19,0.26,-0.85,0.7956044,0,0,0.04,0.05
91,risk,linear-high,true,misspecified,4250,absent,control,-2,0.3,36,-0.73,-0.2,0,0,0,0.71,-0.19,0.26,-0.85,0.7956044,0,0,0.04,0.04
92,risk,linear-high,true,misspecified,4250,absent,matched,-2,0.3,36,-0.73,-0.2,0,0,0,0.71,-0.19,0.26,-0.85,0.7956044,0,0,0.04,0.04
93,risk,linear-high,true,misspecified,4250,strong-positive,control,-2,0.3,36,-0.73,-0.2,0,0,0,0.71,-0.19,0.26,-0.85,0.7956044,0,0,0.04,0.03
94,risk,linear-high,true,misspecified,4250,strong-positive,matched,-2,0.3,36,-0.73,-0.2,0,0,0,0.71,-0.19,0.26,-0.85,0.7956044,0,0,0.04,0.03
95,risk,linear-high,true,misspecified,4250,negative,control,-2,0.3,36,-0.73,-0.2,0,0,0,0.71,-0.19,0.26,-0.85,0.7956044,0,0,0.04,0.05
96,risk,linear-high,true,misspecified,4250,negative,matched,-2,0.3,36,-0.73,-0.2,0,0,0,0.71,-0.19,0.26,-0.85,0.7956044,0,0,0.04,0.05
97,risk,linear-high,true,misspecified,2125,absent,control,-2,0.3,36,-0.73,-0.2,0,0,0,0.71,-0.19,0.26,-0.85,0.7956044,0,0,0.04,0.04
98,risk,linear-high,true,misspecified,2125,absent,matched,-2,0.3,36,-0.73,-0.2,0,0,0,0.71,-0.19,0.26,-0.85,0.7956044,0,0,0.04,0.04
99,risk,linear-high,true,misspecified,2125,strong-positive,control,-2,0.3,36,-0.73,-0.2,0,0,0,0.71,-0.19,0.26,-0.85,0.7956044,0,0,0.04,0.03
100,risk,linear-high,true,misspecified,2125,strong-positive,matched,-2,0.3,36,-0.73,-0.2,0,0,0,0.71,-0.19,0.26,-0.85,0.7956044,0,0,0.04,0.03
101,risk,linear-high,true,misspecified,2125,negative,control,-2,0.3,36,-0.73,-0.2,0,0,0,0.71,-0.19,0.26,-0.85,0.7956044,0,0,0.04,0.05
102,risk,linear-high,true,misspecified,2125,negative,matched,-2,0.3,36,-0.73,-0.2,0,0,0,0.71,-0.19,0.26,-0.85,0.7956044,0,0,0.04,0.05
103,risk,linear-high,true,misspecified,17000,absent,control,-2,0.3,36,-0.73,-0.2,0,0,0,0.71,-0.19,0.26,-0.85,0.7956044,0,0,0.04,0.04
104,risk,linear-high,true,misspecified,17000,absent,matched,-2,0.3,36,-0.73,-0.2,0,0,0,0.71,-0.19,0.26,-0.85,0.7956044,0,0,0.04,0.04
105,risk,linear-high,true,misspecified,17000,strong-positive,control,-2,0.3,36,-0.73,-0.2,0,0,0,0.71,-0.19,0.26,-0.85,0.7956044,0,0,0.04,0.03
106,risk,linear-high,true,misspecified,17000,strong-positive,matched,-2,0.3,36,-0.73,-0.2,0,0,0,0.71,-0.19,0.26,-0.85,0.7956044,0,0,0.04,0.03
107,risk,linear-high,true,misspecified,17000,negative,control,-2,0.3,36,-0.73,-0.2,0,0,0,0.71,-0.19,0.26,-0.85,0.7956044,0,0,0.04,0.05
108,risk,linear-high,true,misspecified,17000,negative,matched,-2,0.3,36,-0.73,-0.2,0,0,0,0.71,-0.19,0.26,-0.85,0.7956044,0,0,0.04,0.05
109,risk,linear-high,misspecified,true,4250,absent,control,-2,0.3,36,-0.73,-0.2,0,0,0,0.71,-0.19,0.26,-0.85,0.7956044,0,0,0.04,0.04
110,risk,linear-high,misspecified,true,4250,absent,matched,-2,0.3,36,-0.73,-0.2,0,0,0,0.71,-0.19,0.26,-0.85,0.7956044,0,0,0.04,0.04
111,risk,linear-high,misspecified,true,4250,strong-positive,control,-2,0.3,36,-0.73,-0.2,0,0,0,0.71,-0.19,0.26,-0.85,0.7956044,0,0,0.04,0.03
112,risk,linear-high,misspecified,true,4250,strong-positive,matched,-2,0.3,36,-0.73,-0.2,0,0,0,0.71,-0.19,0.26,-0.85,0.7956044,0,0,0.04,0.03
113,risk,linear-high,misspecified,true,4250,negative,control,-2,0.3,36,-0.73,-0.2,0,0,0,0.71,-0.19,0.26,-0.85,0.7956044,0,0,0.04,0.05
114,risk,linear-high,misspecified,true,4250,negative,matched,-2,0.3,36,-0.73,-0.2,0,0,0,0.71,-0.19,0.26,-0.85,0.7956044,0,0,0.04,0.05
115,risk,linear-high,misspecified,true,2125,absent,control,-2,0.3,36,-0.73,-0.2,0,0,0,0.71,-0.19,0.26,-0.85,0.7956044,0,0,0.04,0.04
116,risk,linear-high,misspecified,true,2125,absent,matched,-2,0.3,36,-0.73,-0.2,0,0,0,0.71,-0.19,0.26,-0.85,0.7956044,0,0,0.04,0.04
117,risk,linear-high,misspecified,true,2125,strong-positive,control,-2,0.3,36,-0.73,-0.2,0,0,0,0.71,-0.19,0.26,-0.85,0.7956044,0,0,0.04,0.03
118,risk,linear-high,misspecified,true,2125,strong-positive,matched,-2,0.3,36,-0.73,-0.2,0,0,0,0.71,-0.19,0.26,-0.85,0.7956044,0,0,0.04,0.03
119,risk,linear-high,misspecified,true,2125,negative,control,-2,0.3,36,-0.73,-0.2,0,0,0,0.71,-0.19,0.26,-0.85,0.7956044,0,0,0.04,0.05
120,risk,linear-high,misspecified,true,2125,negative,matched,-2,0.3,36,-0.73,-0.2,0,0,0,0.71,-0.19,0.26,-0.85,0.7956044,0,0,0.04,0.05
121,risk,linear-high,misspecified,true,17000,absent,control,-2,0.3,36,-0.73,-0.2,0,0,0,0.71,-0.19,0.26,-0.85,0.7956044,0,0,0.04,0.04
122,risk,linear-high,misspecified,true,17000,absent,matched,-2,0.3,36,-0.73,-0.2,0,0,0,0.71,-0.19,0.26,-0.85,0.7956044,0,0,0.04,0.04
123,risk,linear-high,misspecified,true,17000,strong-positive,control,-2,0.3,36,-0.73,-0.2,0,0,0,0.71,-0.19,0.26,-0.85,0.7956044,0,0,0.04,0.03
124,risk,linear-high,misspecified,true,17000,strong-positive,matched,-2,0.3,36,-0.73,-0.2,0,0,0,0.71,-0.19,0.26,-0.85,0.7956044,0,0,0.04,0.03
125,risk,linear-high,misspecified,true,17000,negative,control,-2,0.3,36,-0.73,-0.2,0,0,0,0.71,-0.19,0.26,-0.85,0.7956044,0,0,0.04,0.05
126,risk,linear-high,misspecified,true,17000,negative,matched,-2,0.3,36,-0.73,-0.2,0,0,0,0.71,-0.19,0.26,-0.85,0.7956044,0,0,0.04,0.05
127,risk,linear-high,misspecified,misspecified,4250,absent,control,-2,0.3,36,-0.73,-0.2,0,0,0,0.71,-0.19,0.26,-0.85,0.7956044,0,0,0.04,0.04
128,risk,linear-high,misspecified,misspecified,4250,absent,matched,-2,0.3,36,-0.73,-0.2,0,0,0,0.71,-0.19,0.26,-0.85,0.7956044,0,0,0.04,0.04
129,risk,linear-high,misspecified,misspecified,4250,strong-positive,control,-2,0.3,36,-0.73,-0.2,0,0,0,0.71,-0.19,0.26,-0.85,0.7956044,0,0,0.04,0.03
130,risk,linear-high,misspecified,misspecified,4250,strong-positive,matched,-2,0.3,36,-0.73,-0.2,0,0,0,0.71,-0.19,0.26,-0.85,0.7956044,0,0,0.04,0.03
131,risk,linear-high,misspecified,misspecified,4250,negative,control,-2,0.3,36,-0.73,-0.2,0,0,0,0.71,-0.19,0.26,-0.85,0.7956044,0,0,0.04,0.05
132,risk,linear-high,misspecified,misspecified,4250,negative,matched,-2,0.3,36,-0.73,-0.2,0,0,0,0.71,-0.19,0.26,-0.85,0.7956044,0,0,0.04,0.05
133,risk,linear-high,misspecified,misspecified,2125,absent,control,-2,0.3,36,-0.73,-0.2,0,0,0,0.71,-0.19,0.26,-0.85,0.7956044,0,0,0.04,0.04
134,risk,linear-high,misspecified,misspecified,2125,absent,matched,-2,0.3,36,-0.73,-0.2,0,0,0,0.71,-0.19,0.26,-0.85,0.7956044,0,0,0.04,0.04
135,risk,linear-high,misspecified,misspecified,2125,strong-positive,control,-2,0.3,36,-0.73,-0.2,0,0,0,0.71,-0.19,0.26,-0.85,0.7956044,0,0,0.04,0.03
136,risk,linear-high,misspecified,misspecified,2125,strong-positive,matched,-2,0.3,36,-0.73,-0.2,0,0,0,0.71,-0.19,0.26,-0.85,0.7956044,0,0,0.04,0.03
137,risk,linear-high,misspecified,misspecified,2125,negative,control,-2,0.3,36,-0.73,-0.2,0,0,0,0.71,-0.19,0.26,-0.85,0.7956044,0,0,0.04,0.05
138,risk,linear-high,misspecified,misspecified,2125,negative,matched,-2,0.3,36,-0.73,-0.2,0,0,0,0.71,-0.19,0.26,-0.85,0.7956044,0,0,0.04,0.05
139,risk,linear-high,misspecified,misspecified,17000,absent,control,-2,0.3,36,-0.73,-0.2,0,0,0,0.71,-0.19,0.26,-0.85,0.7956044,0,0,0.04,0.04
140,risk,linear-high,misspecified,misspecified,17000,absent,matched,-2,0.3,36,-0.73,-0.2,0,0,0,0.71,-0.19,0.26,-0.85,0.7956044,0,0,0.04,0.04
141,risk,linear-high,misspecified,misspecified,17000,strong-positive,control,-2,0.3,36,-0.73,-0.2,0,0,0,0.71,-0.19,0.26,-0.85,0.7956044,0,0,0.04,0.03
142,risk,linear-high,misspecified,misspecified,17000,strong-positive,matched,-2,0.3,36,-0.73,-0.2,0,0,0,0.71,-0.19,0.26,-0.85,0.7956044,0,0,0.04,0.03
143,risk,linear-high,misspecified,misspecified,17000,negative,control,-2,0.3,36,-0.73,-0.2,0,0,0,0.71,-0.19,0.26,-0.85,0.7956044,0,0,0.04,0.05
144,risk,linear-high,misspecified,misspecified,17000,negative,matched,-2,0.3,36,-0.73,-0.2,0,0,0,0.71,-0.19,0.26,-0.85,0.7956044,0,0,0.04,0.05
145,risk,quadratic-high,true,true,4250,absent,control,-2,0.3,36,-0.73,-0.2,0,0,0,0.71,-0.19,0.26,0.18,1.5604,-0.07142857,0,0.04,0.04
146,risk,quadratic-high,true,true,4250,absent,matched,-2,0.3,36,-0.73,-0.2,0,0,0,0.71,-0.19,0.26,0.18,1.5604,-0.07142857,0,0.04,0.04
147,risk,quadratic-high,true,true,4250,strong-positive,control,-2,0.3,36,-0.73,-0.2,0,0,0,0.71,-0.19,0.26,0.18,1.5604,-0.07142857,0,0.04,0.03
148,risk,quadratic-high,true,true,4250,strong-positive,matched,-2,0.3,36,-0.73,-0.2,0,0,0,0.71,-0.19,0.26,0.18,1.5604,-0.07142857,0,0.04,0.03
149,risk,quadratic-high,true,true,4250,negative,control,-2,0.3,36,-0.73,-0.2,0,0,0,0.71,-0.19,0.26,0.18,1.5604,-0.07142857,0,0.04,0.05
150,risk,quadratic-high,true,true,4250,negative,matched,-2,0.3,36,-0.73,-0.2,0,0,0,0.71,-0.19,0.26,0.18,1.5604,-0.07142857,0,0.04,0.05
151,risk,quadratic-high,true,true,2125,absent,control,-2,0.3,36,-0.73,-0.2,0,0,0,0.71,-0.19,0.26,0.18,1.5604,-0.07142857,0,0.04,0.04
152,risk,quadratic-high,true,true,2125,absent,matched,-2,0.3,36,-0.73,-0.2,0,0,0,0.71,-0.19,0.26,0.18,1.5604,-0.07142857,0,0.04,0.04
153,risk,quadratic-high,true,true,2125,strong-positive,control,-2,0.3,36,-0.73,-0.2,0,0,0,0.71,-0.19,0.26,0.18,1.5604,-0.07142857,0,0.04,0.03
154,risk,quadratic-high,true,true,2125,strong-positive,matched,-2,0.3,36,-0.73,-0.2,0,0,0,0.71,-0.19,0.26,0.18,1.5604,-0.07142857,0,0.04,0.03
155,risk,quadratic-high,true,true,2125,negative,control,-2,0.3,36,-0.73,-0.2,0,0,0,0.71,-0.19,0.26,0.18,1.5604,-0.07142857,0,0.04,0.05
156,risk,quadratic-high,true,true,2125,negative,matched,-2,0.3,36,-0.73,-0.2,0,0,0,0.71,-0.19,0.26,0.18,1.5604,-0.07142857,0,0.04,0.05
157,risk,quadratic-high,true,true,17000,absent,control,-2,0.3,36,-0.73,-0.2,0,0,0,0.71,-0.19,0.26,0.18,1.5604,-0.07142857,0,0.04,0.04
158,risk,quadratic-high,true,true,17000,absent,matched,-2,0.3,36,-0.73,-0.2,0,0,0,0.71,-0.19,0.26,0.18,1.5604,-0.07142857,0,0.04,0.04
159,risk,quadratic-high,true,true,17000,strong-positive,control,-2,0.3,36,-0.73,-0.2,0,0,0,0.71,-0.19,0.26,0.18,1.5604,-0.07142857,0,0.04,0.03
160,risk,quadratic-high,true,true,17000,strong-positive,matched,-2,0.3,36,-0.73,-0.2,0,0,0,0.71,-0.19,0.26,0.18,1.5604,-0.07142857,0,0.04,0.03
161,risk,quadratic-high,true,true,17000,negative,control,-2,0.3,36,-0.73,-0.2,0,0,0,0.71,-0.19,0.26,0.18,1.5604,-0.07142857,0,0.04,0.05
162,risk,quadratic-high,true,true,17000,negative,matched,-2,0.3,36,-0.73,-0.2,0,0,0,0.71,-0.19,0.26,0.18,1.5604,-0.07142857,0,0.04,0.05
163,risk,quadratic-high,true,misspecified,4250,absent,control,-2,0.3,36,-0.73,-0.2,0,0,0,0.71,-0.19,0.26,0.18,1.5604,-0.07142857,0,0.04,0.04
164,risk,quadratic-high,true,misspecified,4250,absent,matched,-2,0.3,36,-0.73,-0.2,0,0,0,0.71,-0.19,0.26,0.18,1.5604,-0.07142857,0,0.04,0.04
165,risk,quadratic-high,true,misspecified,4250,strong-positive,control,-2,0.3,36,-0.73,-0.2,0,0,0,0.71,-0.19,0.26,0.18,1.5604,-0.07142857,0,0.04,0.03
166,risk,quadratic-high,true,misspecified,4250,strong-positive,matched,-2,0.3,36,-0.73,-0.2,0,0,0,0.71,-0.19,0.26,0.18,1.5604,-0.07142857,0,0.04,0.03
167,risk,quadratic-high,true,misspecified,4250,negative,control,-2,0.3,36,-0.73,-0.2,0,0,0,0.71,-0.19,0.26,0.18,1.5604,-0.07142857,0,0.04,0.05
168,risk,quadratic-high,true,misspecified,4250,negative,matched,-2,0.3,36,-0.73,-0.2,0,0,0,0.71,-0.19,0.26,0.18,1.5604,-0.07142857,0,0.04,0.05
169,risk,quadratic-high,true,misspecified,2125,absent,control,-2,0.3,36,-0.73,-0.2,0,0,0,0.71,-0.19,0.26,0.18,1.5604,-0.07142857,0,0.04,0.04
170,risk,quadratic-high,true,misspecified,2125,absent,matched,-2,0.3,36,-0.73,-0.2,0,0,0,0.71,-0.19,0.26,0.18,1.5604,-0.07142857,0,0.04,0.04
171,risk,quadratic-high,true,misspecified,2125,strong-positive,control,-2,0.3,36,-0.73,-0.2,0,0,0,0.71,-0.19,0.26,0.18,1.5604,-0.07142857,0,0.04,0.03
172,risk,quadratic-high,true,misspecified,2125,strong-positive,matched,-2,0.3,36,-0.73,-0.2,0,0,0,0.71,-0.19,0.26,0.18,1.5604,-0.07142857,0,0.04,0.03
173,risk,quadratic-high,true,misspecified,2125,negative,control,-2,0.3,36,-0.73,-0.2,0,0,0,0.71,-0.19,0.26,0.18,1.5604,-0.07142857,0,0.04,0.05
174,risk,quadratic-high,true,misspecified,2125,negative,matched,-2,0.3,36,-0.73,-0.2,0,0,0,0.71,-0.19,0.26,0.18,1.5604,-0.07142857,0,0.04,0.05
175,risk,quadratic-high,true,misspecified,17000,absent,control,-2,0.3,36,-0.73,-0.2,0,0,0,0.71,-0.19,0.26,0.18,1.5604,-0.07142857,0,0.04,0.04
176,risk,quadratic-high,true,misspecified,17000,absent,matched,-2,0.3,36,-0.73,-0.2,0,0,0,0.71,-0.19,0.26,0.18,1.5604,-0.07142857,0,0.04,0.04
177,risk,quadratic-high,true,misspecified,17000,strong-positive,control,-2,0.3,36,-0.73,-0.2,0,0,0,0.71,-0.19,0.26,0.18,1.5604,-0.07142857,0,0.04,0.03
178,risk,quadratic-high,true,misspecified,17000,strong-positive,matched,-2,0.3,36,-0.73,-0.2,0,0,0,0.71,-0.19,0.26,0.18,1.5604,-0.07142857,0,0.04,0.03
179,risk,quadratic-high,true,misspecified,17000,negative,control,-2,0.3,36,-0.73,-0.2,0,0,0,0.71,-0.19,0.26,0.18,1.5604,-0.07142857,0,0.04,0.05
180,risk,quadratic-high,true,misspecified,17000,negative,matched,-2,0.3,36,-0.73,-0.2,0,0,0,0.71,-0.19,0.26,0.18,1.5604,-0.07142857,0,0.04,0.05
181,risk,quadratic-high,misspecified,true,4250,absent,control,-2,0.3,36,-0.73,-0.2,0,0,0,0.71,-0.19,0.26,0.18,1.5604,-0.07142857,0,0.04,0.04
182,risk,quadratic-high,misspecified,true,4250,absent,matched,-2,0.3,36,-0.73,-0.2,0,0,0,0.71,-0.19,0.26,0.18,1.5604,-0.07142857,0,0.04,0.04
183,risk,quadratic-high,misspecified,true,4250,strong-positive,control,-2,0.3,36,-0.73,-0.2,0,0,0,0.71,-0.19,0.26,0.18,1.5604,-0.07142857,0,0.04,0.03
184,risk,quadratic-high,misspecified,true,4250,strong-positive,matched,-2,0.3,36,-0.73,-0.2,0,0,0,0.71,-0.19,0.26,0.18,1.5604,-0.07142857,0,0.04,0.03
185,risk,quadratic-high,misspecified,true,4250,negative,control,-2,0.3,36,-0.73,-0.2,0,0,0,0.71,-0.19,0.26,0.18,1.5604,-0.07142857,0,0.04,0.05
186,risk,quadratic-high,misspecified,true,4250,negative,matched,-2,0.3,36,-0.73,-0.2,0,0,0,0.71,-0.19,0.26,0.18,1.5604,-0.07142857,0,0.04,0.05
187,risk,quadratic-high,misspecified,true,2125,absent,control,-2,0.3,36,-0.73,-0.2,0,0,0,0.71,-0.19,0.26,0.18,1.5604,-0.07142857,0,0.04,0.04
188,risk,quadratic-high,misspecified,true,2125,absent,matched,-2,0.3,36,-0.73,-0.2,0,0,0,0.71,-0.19,0.26,0.18,1.5604,-0.07142857,0,0.04,0.04
189,risk,quadratic-high,misspecified,true,2125,strong-positive,control,-2,0.3,36,-0.73,-0.2,0,0,0,0.71,-0.19,0.26,0.18,1.5604,-0.07142857,0,0.04,0.03
190,risk,quadratic-high,misspecified,true,2125,strong-positive,matched,-2,0.3,36,-0.73,-0.2,0,0,0,0.71,-0.19,0.26,0.18,1.5604,-0.07142857,0,0.04,0.03
191,risk,quadratic-high,misspecified,true,2125,negative,control,-2,0.3,36,-0.73,-0.2,0,0,0,0.71,-0.19,0.26,0.18,1.5604,-0.07142857,0,0.04,0.05
192,risk,quadratic-high,misspecified,true,2125,negative,matched,-2,0.3,36,-0.73,-0.2,0,0,0,0.71,-0.19,0.26,0.18,1.5604,-0.07142857,0,0.04,0.05
193,risk,quadratic-high,misspecified,true,17000,absent,control,-2,0.3,36,-0.73,-0.2,0,0,0,0.71,-0.19,0.26,0.18,1.5604,-0.07142857,0,0.04,0.04
194,risk,quadratic-high,misspecified,true,17000,absent,matched,-2,0.3,36,-0.73,-0.2,0,0,0,0.71,-0.19,0.26,0.18,1.5604,-0.07142857,0,0.04,0.04
195,risk,quadratic-high,misspecified,true,17000,strong-positive,control,-2,0.3,36,-0.73,-0.2,0,0,0,0.71,-0.19,0.26,0.18,1.5604,-0.07142857,0,0.04,0.03
196,risk,quadratic-high,misspecified,true,17000,strong-positive,matched,-2,0.3,36,-0.73,-0.2,0,0,0,0.71,-0.19,0.26,0.18,1.5604,-0.07142857,0,0.04,0.03
197,risk,quadratic-high,misspecified,true,17000,negative,control,-2,0.3,36,-0.73,-0.2,0,0,0,0.71,-0.19,0.26,0.18,1.5604,-0.07142857,0,0.04,0.05
198,risk,quadratic-high,misspecified,true,17000,negative,matched,-2,0.3,36,-0.73,-0.2,0,0,0,0.71,-0.19,0.26,0.18,1.5604,-0.07142857,0,0.04,0.05
199,risk,quadratic-high,misspecified,misspecified,4250,absent,control,-2,0.3,36,-0.73,-0.2,0,0,0,0.71,-0.19,0.26,0.18,1.5604,-0.07142857,0,0.04,0.04
200,risk,quadratic-high,misspecified,misspecified,4250,absent,matched,-2,0.3,36,-0.73,-0.2,0,0,0,0.71,-0.19,0.26,0.18,1.5604,-0.07142857,0,0.04,0.04
201,risk,quadratic-high,misspecified,misspecified,4250,strong-positive,control,-2,0.3,36,-0.73,-0.2,0,0,0,0.71,-0.19,0.26,0.18,1.5604,-0.07142857,0,0.04,0.03
202,risk,quadratic-high,misspecified,misspecified,4250,strong-positive,matched,-2,0.3,36,-0.73,-0.2,0,0,0,0.71,-0.19,0.26,0.18,1.5604,-0.07142857,0,0.04,0.03
203,risk,quadratic-high,misspecified,misspecified,4250,negative,control,-2,0.3,36,-0.73,-0.2,0,0,0,0.71,-0.19,0.26,0.18,1.5604,-0.07142857,0,0.04,0.05
204,risk,quadratic-high,misspecified,misspecified,4250,negative,matched,-2,0.3,36,-0.73,-0.2,0,0,0,0.71,-0.19,0.26,0.18,1.5604,-0.07142857,0,0.04,0.05
205,risk,quadratic-high,misspecified,misspecified,2125,absent,control,-2,0.3,36,-0.73,-0.2,0,0,0,0.71,-0.19,0.26,0.18,1.5604,-0.07142857,0,0.04,0.04
206,risk,quadratic-high,misspecified,misspecified,2125,absent,matched,-2,0.3,36,-0.73,-0.2,0,0,0,0.71,-0.19,0.26,0.18,1.5604,-0.07142857,0,0.04,0.04
207,risk,quadratic-high,misspecified,misspecified,2125,strong-positive,control,-2,0.3,36,-0.73,-0.2,0,0,0,0.71,-0.19,0.26,0.18,1.5604,-0.07142857,0,0.04,0.03
208,risk,quadratic-high,misspecified,misspecified,2125,strong-positive,matched,-2,0.3,36,-0.73,-0.2,0,0,0,0.71,-0.19,0.26,0.18,1.5604,-0.07142857,0,0.04,0.03
209,risk,quadratic-high,misspecified,misspecified,2125,negative,control,-2,0.3,36,-0.73,-0.2,0,0,0,0.71,-0.19,0.26,0.18,1.5604,-0.07142857,0,0.04,0.05
210,risk,quadratic-high,misspecified,misspecified,2125,negative,matched,-2,0.3,36,-0.73,-0.2,0,0,0,0.71,-0.19,0.26,0.18,1.5604,-0.07142857,0,0.04,0.05
211,risk,quadratic-high,misspecified,misspecified,17000,absent,control,-2,0.3,36,-0.73,-0.2,0,0,0,0.71,-0.19,0.26,0.18,1.5604,-0.07142857,0,0.04,0.04
212,risk,quadratic-high,misspecified,misspecified,17000,absent,matched,-2,0.3,36,-0.73,-0.2,0,0,0,0.71,-0.19,0.26,0.18,1.5604,-0.07142857,0,0.04,0.04
213,risk,quadratic-high,misspecified,misspecified,17000,strong-positive,control,-2,0.3,36,-0.73,-0.2,0,0,0,0.71,-0.19,0.26,0.18,1.5604,-0.07142857,0,0.04,0.03
214,risk,quadratic-high,misspecified,misspecified,17000,strong-positive,matched,-2,0.3,36,-0.73,-0.2,0,0,0,0.71,-0.19,0.26,0.18,1.5604,-0.07142857,0,0.04,0.03
215,risk,quadratic-high,misspecified,misspecified,17000,negative,control,-2,0.3,36,-0.73,-0.2,0,0,0,0.71,-0.19,0.26,0.18,1.5604,-0.07142857,0,0.04,0.05
216,risk,quadratic-high,misspecified,misspecified,17000,negative,matched,-2,0.3,36,-0.73,-0.2,0,0,0,0.71,-0.19,0.26,0.18,1.5604,-0.07142857,0,0.04,0.05
217,risk,non-monotonic,true,true,4250,absent,control,-2,0.3,36,-0.73,-0.2,0,0,0,0.71,-0.19,0.26,0.46,2.1,0.1,0,0.04,0.04
218,risk,non-monotonic,true,true,4250,absent,matched,-2,0.3,36,-0.73,-0.2,0,0,0,0.71,-0.19,0.26,0.46,2.1,0.1,0,0.04,0.04
219,risk,non-monotonic,true,true,4250,strong-positive,control,-2,0.3,36,-0.73,-0.2,0,0,0,0.71,-0.19,0.26,0.46,2.1,0.1,0,0.04,0.03
220,risk,non-monotonic,true,true,4250,strong-positive,matched,-2,0.3,36,-0.73,-0.2,0,0,0,0.71,-0.19,0.26,0.46,2.1,0.1,0,0.04,0.03
221,risk,non-monotonic,true,true,4250,negative,control,-2,0.3,36,-0.73,-0.2,0,0,0,0.71,-0.19,0.26,0.46,2.1,0.1,0,0.04,0.05
222,risk,non-monotonic,true,true,4250,negative,matched,-2,0.3,36,-0.73,-0.2,0,0,0,0.71,-0.19,0.26,0.46,2.1,0.1,0,0.04,0.05
223,risk,non-monotonic,true,true,2125,absent,control,-2,0.3,36,-0.73,-0.2,0,0,0,0.71,-0.19,0.26,0.46,2.1,0.1,0,0.04,0.04
224,risk,non-monotonic,true,true,2125,absent,matched,-2,0.3,36,-0.73,-0.2,0,0,0,0.71,-0.19,0.26,0.46,2.1,0.1,0,0.04,0.04
225,risk,non-monotonic,true,true,2125,strong-positive,control,-2,0.3,36,-0.73,-0.2,0,0,0,0.71,-0.19,0.26,0.46,2.1,0.1,0,0.04,0.03
226,risk,non-monotonic,true,true,2125,strong-positive,matched,-2,0.3,36,-0.73,-0.2,0,0,0,0.71,-0.19,0.26,0.46,2.1,0.1,0,0.04,0.03
227,risk,non-monotonic,true,true,2125,negative,control,-2,0.3,36,-0.73,-0.2,0,0,0,0.71,-0.19,0.26,0.46,2.1,0.1,0,0.04,0.05
228,risk,non-monotonic,true,true,2125,negative,matched,-2,0.3,36,-0.73,-0.2,0,0,0,0.71,-0.19,0.26,0.46,2.1,0.1,0,0.04,0.05
229,risk,non-monotonic,true,true,17000,absent,control,-2,0.3,36,-0.73,-0.2,0,0,0,0.71,-0.19,0.26,0.46,2.1,0.1,0,0.04,0.04
230,risk,non-monotonic,true,true,17000,absent,matched,-2,0.3,36,-0.73,-0.2,0,0,0,0.71,-0.19,0.26,0.46,2.1,0.1,0,0.04,0.04
231,risk,non-monotonic,true,true,17000,strong-positive,control,-2,0.3,36,-0.73,-0.2,0,0,0,0.71,-0.19,0.26,0.46,2.1,0.1,0,0.04,0.03
232,risk,non-monotonic,true,true,17000,strong-positive,matched,-2,0.3,36,-0.73,-0.2,0,0,0,0.71,-0.19,0.26,0.46,2.1,0.1,0,0.04,0.03
233,risk,non-monotonic,true,true,17000,negative,control,-2,0.3,36,-0.73,-0.2,0,0,0,0.71,-0.19,0.26,0.46,2.1,0.1,0,0.04,0.05
234,risk,non-monotonic,true,true,17000,negative,matched,-2,0.3,36,-0.73,-0.2,0,0,0,0.71,-0.19,0.26,0.46,2.1,0.1,0,0.04,0.05
235,risk,non-monotonic,true,misspecified,4250,absent,control,-2,0.3,36,-0.73,-0.2,0,0,0,0.71,-0.19,0.26,0.46,2.1,0.1,0,0.04,0.04
236,risk,non-monotonic,true,misspecified,4250,absent,matched,-2,0.3,36,-0.73,-0.2,0,0,0,0.71,-0.19,0.26,0.46,2.1,0.1,0,0.04,0.04
237,risk,non-monotonic,true,misspecified,4250,strong-positive,control,-2,0.3,36,-0.73,-0.2,0,0,0,0.71,-0.19,0.26,0.46,2.1,0.1,0,0.04,0.03
238,risk,non-monotonic,true,misspecified,4250,strong-positive,matched,-2,0.3,36,-0.73,-0.2,0,0,0,0.71,-0.19,0.26,0.46,2.1,0.1,0,0.04,0.03
239,risk,non-monotonic,true,misspecified,4250,negative,control,-2,0.3,36,-0.73,-0.2,0,0,0,0.71,-0.19,0.26,0.46,2.1,0.1,0,0.04,0.05
240,risk,non-monotonic,true,misspecified,4250,negative,matched,-2,0.3,36,-0.73,-0.2,0,0,0,0.71,-0.19,0.26,0.46,2.1,0.1,0,0.04,0.05
241,risk,non-monotonic,true,misspecified,2125,absent,control,-2,0.3,36,-0.73,-0.2,0,0,0,0.71,-0.19,0.26,0.46,2.1,0.1,0,0.04,0.04
242,risk,non-monotonic,true,misspecified,2125,absent,matched,-2,0.3,36,-0.73,-0.2,0,0,0,0.71,-0.19,0.26,0.46,2.1,0.1,0,0.04,0.04
243,risk,non-monotonic,true,misspecified,2125,strong-positive,control,-2,0.3,36,-0.73,-0.2,0,0,0,0.71,-0.19,0.26,0.46,2.1,0.1,0,0.04,0.03
244,risk,non-monotonic,true,misspecified,2125,strong-positive,matched,-2,0.3,36,-0.73,-0.2,0,0,0,0.71,-0.19,0.26,0.46,2.1,0.1,0,0.04,0.03
245,risk,non-monotonic,true,misspecified,2125,negative,control,-2,0.3,36,-0.73,-0.2,0,0,0,0.71,-0.19,0.26,0.46,2.1,0.1,0,0.04,0.05
246,risk,non-monotonic,true,misspecified,2125,negative,matched,-2,0.3,36,-0.73,-0.2,0,0,0,0.71,-0.19,0.26,0.46,2.1,0.1,0,0.04,0.05
247,risk,non-monotonic,true,misspecified,17000,absent,control,-2,0.3,36,-0.73,-0.2,0,0,0,0.71,-0.19,0.26,0.46,2.1,0.1,0,0.04,0.04
248,risk,non-monotonic,true,misspecified,17000,absent,matched,-2,0.3,36,-0.73,-0.2,0,0,0,0.71,-0.19,0.26,0.46,2.1,0.1,0,0.04,0.04
249,risk,non-monotonic,true,misspecified,17000,strong-positive,control,-2,0.3,36,-0.73,-0.2,0,0,0,0.71,-0.19,0.26,0.46,2.1,0.1,0,0.04,0.03
250,risk,non-monotonic,true,misspecified,17000,strong-positive,matched,-2,0.3,36,-0.73,-0.2,0,0,0,0.71,-0.19,0.26,0.46,2.1,0.1,0,0.04,0.03
251,risk,non-monotonic,true,misspecified,17000,negative,control,-2,0.3,36,-0.73,-0.2,0,0,0,0.71,-0.19,0.26,0.46,2.1,0.1,0,0.04,0.05
252,risk,non-monotonic,true,misspecified,17000,negative,matched,-2,0.3,36,-0.73,-0.2,0,0,0,0.71,-0.19,0.26,0.46,2.1,0.1,0,0.04,0.05
253,risk,non-monotonic,misspecified,true,4250,absent,control,-2,0.3,36,-0.73,-0.2,0,0,0,0.71,-0.19,0.26,0.46,2.1,0.1,0,0.04,0.04
254,risk,non-monotonic,misspecified,true,4250,absent,matched,-2,0.3,36,-0.73,-0.2,0,0,0,0.71,-0.19,0.26,0.46,2.1,0.1,0,0.04,0.04
255,risk,non-monotonic,misspecified,true,4250,strong-positive,control,-2,0.3,36,-0.73,-0.2,0,0,0,0.71,-0.19,0.26,0.46,2.1,0.1,0,0.04,0.03
256,risk,non-monotonic,misspecified,true,4250,strong-positive,matched,-2,0.3,36,-0.73,-0.2,0,0,0,0.71,-0.19,0.26,0.46,2.1,0.1,0,0.04,0.03
257,risk,non-monotonic,misspecified,true,4250,negative,control,-2,0.3,36,-0.73,-0.2,0,0,0,0.71,-0.19,0.26,0.46,2.1,0.1,0,0.04,0.05
258,risk,non-monotonic,misspecified,true,4250,negative,matched,-2,0.3,36,-0.73,-0.2,0,0,0,0.71,-0.19,0.26,0.46,2.1,0.1,0,0.04,0.05
259,risk,non-monotonic,misspecified,true,2125,absent,control,-2,0.3,36,-0.73,-0.2,0,0,0,0.71,-0.19,0.26,0.46,2.1,0.1,0,0.04,0.04
260,risk,non-monotonic,misspecified,true,2125,absent,matched,-2,0.3,36,-0.73,-0.2,0,0,0,0.71,-0.19,0.26,0.46,2.1,0.1,0,0.04,0.04
261,risk,non-monotonic,misspecified,true,2125,strong-positive,control,-2,0.3,36,-0.73,-0.2,0,0,0,0.71,-0.19,0.26,0.46,2.1,0.1,0,0.04,0.03
262,risk,non-monotonic,misspecified,true,2125,strong-positive,matched,-2,0.3,36,-0.73,-0.2,0,0,0,0.71,-0.19,0.26,0.46,2.1,0.1,0,0.04,0.03
263,risk,non-monotonic,misspecified,true,2125,negative,control,-2,0.3,36,-0.73,-0.2,0,0,0,0.71,-0.19,0.26,0.46,2.1,0.1,0,0.04,0.05
264,risk,non-monotonic,misspecified,true,2125,negative,matched,-2,0.3,36,-0.73,-0.2,0,0,0,0.71,-0.19,0.26,0.46,2.1,0.1,0,0.04,0.05
265,risk,non-monotonic,misspecified,true,17000,absent,control,-2,0.3,36,-0.73,-0.2,0,0,0,0.71,-0.19,0.26,0.46,2.1,0.1,0,0.04,0.04
266,risk,non-monotonic,misspecified,true,17000,absent,matched,-2,0.3,36,-0.73,-0.2,0,0,0,0.71,-0.19,0.26,0.46,2.1,0.1,0,0.04,0.04
267,risk,non-monotonic,misspecified,true,17000,strong-positive,control,-2,0.3,36,-0.73,-0.2,0,0,0,0.71,-0.19,0.26,0.46,2.1,0.1,0,0.04,0.03
268,risk,non-monotonic,misspecified,true,17000,strong-positive,matched,-2,0.3,36,-0.73,-0.2,0,0,0,0.71,-0.19,0.26,0.46,2.1,0.1,0,0.04,0.03
269,risk,non-monotonic,misspecified,true,17000,negative,control,-2,0.3,36,-0.73,-0.2,0,0,0,0.71,-0.19,0.26,0.46,2.1,0.1,0,0.04,0.05
270,risk,non-monotonic,misspecified,true,17000,negative,matched,-2,0.3,36,-0.73,-0.2,0,0,0,0.71,-0.19,0.26,0.46,2.1,0.1,0,0.04,0.05
271,risk,non-monotonic,misspecified,misspecified,4250,absent,control,-2,0.3,36,-0.73,-0.2,0,0,0,0.71,-0.19,0.26,0.46,2.1,0.1,0,0.04,0.04
272,risk,non-monotonic,misspecified,misspecified,4250,absent,matched,-2,0.3,36,-0.73,-0.2,0,0,0,0.71,-0.19,0.26,0.46,2.1,0.1,0,0.04,0.04
273,risk,non-monotonic,misspecified,misspecified,4250,strong-positive,control,-2,0.3,36,-0.73,-0.2,0,0,0,0.71,-0.19,0.26,0.46,2.1,0.1,0,0.04,0.03
274,risk,non-monotonic,misspecified,misspecified,4250,strong-positive,matched,-2,0.3,36,-0.73,-0.2,0,0,0,0.71,-0.19,0.26,0.46,2.1,0.1,0,0.04,0.03
275,risk,non-monotonic,misspecified,misspecified,4250,negative,control,-2,0.3,36,-0.73,-0.2,0,0,0,0.71,-0.19,0.26,0.46,2.1,0.1,0,0.04,0.05
276,risk,non-monotonic,misspecified,misspecified,4250,negative,matched,-2,0.3,36,-0.73,-0.2,0,0,0,0.71,-0.19,0.26,0.46,2.1,0.1,0,0.04,0.05
277,risk,non-monotonic,misspecified,misspecified,2125,absent,control,-2,0.3,36,-0.73,-0.2,0,0,0,0.71,-0.19,0.26,0.46,2.1,0.1,0,0.04,0.04
278,risk,non-monotonic,misspecified,misspecified,2125,absent,matched,-2,0.3,36,-0.73,-0.2,0,0,0,0.71,-0.19,0.26,0.46,2.1,0.1,0,0.04,0.04
279,risk,non-monotonic,misspecified,misspecified,2125,strong-positive,control,-2,0.3,36,-0.73,-0.2,0,0,0,0.71,-0.19,0.26,0.46,2.1,0.1,0,0.04,0.03
280,risk,non-monotonic,misspecified,misspecified,2125,strong-positive,matched,-2,0.3,36,-0.73,-0.2,0,0,0,0.71,-0.19,0.26,0.46,2.1,0.1,0,0.04,0.03
281,risk,non-monotonic,misspecified,misspecified,2125,negative,control,-2,0.3,36,-0.73,-0.2,0,0,0,0.71,-0.19,0.26,0.46,2.1,0.1,0,0.04,0.05
282,risk,non-monotonic,misspecified,misspecified,2125,negative,matched,-2,0.3,36,-0.73,-0.2,0,0,0,0.71,-0.19,0.26,0.46,2.1,0.1,0,0.04,0.05
283,risk,non-monotonic,misspecified,misspecified,17000,absent,control,-2,0.3,36,-0.73,-0.2,0,0,0,0.71,-0.19,0.26,0.46,2.1,0.1,0,0.04,0.04
284,risk,non-monotonic,misspecified,misspecified,17000,absent,matched,-2,0.3,36,-0.73,-0.2,0,0,0,0.71,-0.19,0.26,0.46,2.1,0.1,0,0.04,0.04
285,risk,non-monotonic,misspecified,misspecified,17000,strong-positive,control,-2,0.3,36,-0.73,-0.2,0,0,0,0.71,-0.19,0.26,0.46,2.1,0.1,0,0.04,0.03
286,risk,non-monotonic,misspecified,misspecified,17000,strong-positive,matched,-2,0.3,36,-0.73,-0.2,0,0,0,0.71,-0.19,0.26,0.46,2.1,0.1,0,0.04,0.03
287,risk,non-monotonic,misspecified,misspecified,17000,negative,control,-2,0.3,36,-0.73,-0.2,0,0,0,0.71,-0.19,0.26,0.46,2.1,0.1,0,0.04,0.05
288,risk,non-monotonic,misspecified,misspecified,17000,negative,matched,-2,0.3,36,-0.73,-0.2,0,0,0,0.71,-0.19,0.26,0.46,2.1,0.1,0,0.04,0.05
289,risk,constant,unobserved,unobserved,4250,absent,control,-2,0.3,36,-0.73,-0.2,0,0,0,0.71,-0.19,0.26,-0.5108256237659907,1,0,0,0.04,0.04
290,risk,constant,unobserved,unobserved,4250,absent,matched,-2,0.3,36,-0.73,-0.2,0,0,0,0.71,-0.19,0.26,-0.5108256237659907,1,0,0,0.04,0.04
291,risk,constant,unobserved,unobserved,4250,strong-positive,control,-2,0.3,36,-0.73,-0.2,0,0,0,0.71,-0.19,0.26,-0.5108256237659907,1,0,0,0.04,0.03
292,risk,constant,unobserved,unobserved,4250,strong-positive,matched,-2,0.3,36,-0.73,-0.2,0,0,0,0.71,-0.19,0.26,-0.5108256237659907,1,0,0,0.04,0.03
293,risk,constant,unobserved,unobserved,4250,negative,control,-2,0.3,36,-0.73,-0.2,0,0,0,0.71,-0.19,0.26,-0.5108256237659907,1,0,0,0.04,0.05
294,risk,constant,unobserved,unobserved,4250,negative,matched,-2,0.3,36,-0.73,-0.2,0,0,0,0.71,-0.19,0.26,-0.5108256237659907,1,0,0,0.04,0.05
295,risk,constant,unobserved,unobserved,2125,absent,control,-2,0.3,36,-0.73,-0.2,0,0,0,0.71,-0.19,0.26,-0.5108256237659907,1,0,0,0.04,0.04
296,risk,constant,unobserved,unobserved,2125,absent,matched,-2,0.3,36,-0.73,-0.2,0,0,0,0.71,-0.19,0.26,-0.5108256237659907,1,0,0,0.04,0.04
297,risk,constant,unobserved,unobserved,2125,strong-positive,control,-2,0.3,36,-0.73,-0.2,0,0,0,0.71,-0.19,0.26,-0.5108256237659907,1,0,0,0.04,0.03
298,risk,constant,unobserved,unobserved,2125,strong-positive,matched,-2,0.3,36,-0.73,-0.2,0,0,0,0.71,-0.19,0.26,-0.5108256237659907,1,0,0,0.04,0.03
299,risk,constant,unobserved,unobserved,2125,negative,control,-2,0.3,36,-0.73,-0.2,0,0,0,0.71,-0.19,0.26,-0.5108256237659907,1,0,0,0.04,0.05
300,risk,constant,unobserved,unobserved,2125,negative,matched,-2,0.3,36,-0.73,-0.2,0,0,0,0.71,-0.19,0.26,-0.5108256237659907,1,0,0,0.04,0.05
301,risk,constant,unobserved,unobserved,17000,absent,control,-2,0.3,36,-0.73,-0.2,0,0,0,0.71,-0.19,0.26,-0.5108256237659907,1,0,0,0.04,0.04
302,risk,constant,unobserved,unobserved,17000,absent,matched,-2,0.3,36,-0.73,-0.2,0,0,0,0.71,-0.19,0.26,-0.5108256237659907,1,0,0,0.04,0.04
303,risk,constant,unobserved,unobserved,17000,strong-positive,control,-2,0.3,36,-0.73,-0.2,0,0,0,0.71,-0.19,0.26,-0.5108256237659907,1,0,0,0.04,0.03
304,risk,constant,unobserved,unobserved,17000,strong-positive,matched,-2,0.3,36,-0.73,-0.2,0,0,0,0.71,-0.19,0.26,-0.5108256237659907,1,0,0,0.04,0.03
305,risk,constant,unobserved,unobserved,17000,negative,control,-2,0.3,36,-0.73,-0.2,0,0,0,0.71,-0.19,0.26,-0.5108256237659907,1,0,0,0.04,0.05
306,risk,constant,unobserved,unobserved,17000,negative,matched,-2,0.3,36,-0.73,-0.2,0,0,0,0.71,-0.19,0.26,-0.5108256237659907,1,0,0,0.04,0.05
307,risk,linear-high,unobserved,unobserved,4250,absent,control,-2,0.3,36,-0.73,-0.2,0,0,0,0.71,-0.19,0.26,-0.85,0.7956044,0,0,0.04,0.04
308,risk,linear-high,unobserved,unobserved,4250,absent,matched,-2,0.3,36,-0.73,-0.2,0,0,0,0.71,-0.19,0.26,-0.85,0.7956044,0,0,0.04,0.04
309,risk,linear-high,unobserved,unobserved,4250,strong-positive,control,-2,0.3,36,-0.73,-0.2,0,0,0,0.71,-0.19,0.26,-0.85,0.7956044,0,0,0.04,0.03
310,risk,linear-high,unobserved,unobserved,4250,strong-positive,matched,-2,0.3,36,-0.73,-0.2,0,0,0,0.71,-0.19,0.26,-0.85,0.7956044,0,0,0.04,0.03
311,risk,linear-high,unobserved,unobserved,4250,negative,control,-2,0.3,36,-0.73,-0.2,0,0,0,0.71,-0.19,0.26,-0.85,0.7956044,0,0,0.04,0.05
312,risk,linear-high,unobserved,unobserved,4250,negative,matched,-2,0.3,36,-0.73,-0.2,0,0,0,0.71,-0.19,0.26,-0.85,0.7956044,0,0,0.04,0.05
313,risk,linear-high,unobserved,unobserved,2125,absent,control,-2,0.3,36,-0.73,-0.2,0,0,0,0.71,-0.19,0.26,-0.85,0.7956044,0,0,0.04,0.04
314,risk,linear-high,unobserved,unobserved,2125,absent,matched,-2,0.3,36,-0.73,-0.2,0,0,0,0.71,-0.19,0.26,-0.85,0.7956044,0,0,0.04,0.04
315,risk,linear-high,unobserved,unobserved,2125,strong-positive,control,-2,0.3,36,-0.73,-0.2,0,0,0,0.71,-0.19,0.26,-0.85,0.7956044,0,0,0.04,0.03
316,risk,linear-high,unobserved,unobserved,2125,strong-positive,matched,-2,0.3,36,-0.73,-0.2,0,0,0,0.71,-0.19,0.26,-0.85,0.7956044,0,0,0.04,0.03
317,risk,linear-high,unobserved,unobserved,2125,negative,control,-2,0.3,36,-0.73,-0.2,0,0,0,0.71,-0.19,0.26,-0.85,0.7956044,0,0,0.04,0.05
318,risk,linear-high,unobserved,unobserved,2125,negative,matched,-2,0.3,36,-0.73,-0.2,0,0,0,0.71,-0.19,0.26,-0.85,0.7956044,0,0,0.04,0.05
319,risk,linear-high,unobserved,unobserved,17000,absent,control,-2,0.3,36,-0.73,-0.2,0,0,0,0.71,-0.19,0.26,-0.85,0.7956044,0,0,0.04,0.04
320,risk,linear-high,unobserved,unobserved,17000,absent,matched,-2,0.3,36,-0.73,-0.2,0,0,0,0.71,-0.19,0.26,-0.85,0.7956044,0,0,0.04,0.04
321,risk,linear-high,unobserved,unobserved,17000,strong-positive,control,-2,0.3,36,-0.73,-0.2,0,0,0,0.71,-0.19,0.26,-0.85,0.7956044,0,0,0.04,0.03
322,risk,linear-high,unobserved,unobserved,17000,strong-positive,matched,-2,0.3,36,-0.73,-0.2,0,0,0,0.71,-0.19,0.26,-0.85,0.7956044,0,0,0.04,0.03
323,risk,linear-high,unobserved,unobserved,17000,negative,control,-2,0.3,36,-0.73,-0.2,0,0,0,0.71,-0.19,0.26,-0.85,0.7956044,0,0,0.04,0.05
324,risk,linear-high,unobserved,unobserved,17000,negative,matched,-2,0.3,36,-0.73,-0.2,0,0,0,0.71,-0.19,0.26,-0.85,0.7956044,0,0,0.04,0.05
325,risk,quadratic-high,unobserved,unobserved,4250,absent,control,-2,0.3,36,-0.73,-0.2,0,0,0,0.71,-0.19,0.26,0.18,1.5604,-0.07142857,0,0.04,0.04
326,risk,quadratic-high,unobserved,unobserved,4250,absent,matched,-2,0.3,36,-0.73,-0.2,0,0,0,0.71,-0.19,0.26,0.18,1.5604,-0.07142857,0,0.04,0.04
327,risk,quadratic-high,unobserved,unobserved,4250,strong-positive,control,-2,0.3,36,-0.73,-0.2,0,0,0,0.71,-0.19,0.26,0.18,1.5604,-0.07142857,0,0.04,0.03
328,risk,quadratic-high,unobserved,unobserved,4250,strong-positive,matched,-2,0.3,36,-0.73,-0.2,0,0,0,0.71,-0.19,0.26,0.18,1.5604,-0.07142857,0,0.04,0.03
329,risk,quadratic-high,unobserved,unobserved,4250,negative,control,-2,0.3,36,-0.73,-0.2,0,0,0,0.71,-0.19,0.26,0.18,1.5604,-0.07142857,0,0.04,0.05
330,risk,quadratic-high,unobserved,unobserved,4250,negative,matched,-2,0.3,36,-0.73,-0.2,0,0,0,0.71,-0.19,0.26,0.18,1.5604,-0.07142857,0,0.04,0.05
331,risk,quadratic-high,unobserved,unobserved,2125,absent,control,-2,0.3,36,-0.73,-0.2,0,0,0,0.71,-0.19,0.26,0.18,1.5604,-0.07142857,0,0.04,0.04
332,risk,quadratic-high,unobserved,unobserved,2125,absent,matched,-2,0.3,36,-0.73,-0.2,0,0,0,0.71,-0.19,0.26,0.18,1.5604,-0.07142857,0,0.04,0.04
333,risk,quadratic-high,unobserved,unobserved,2125,strong-positive,control,-2,0.3,36,-0.73,-0.2,0,0,0,0.71,-0.19,0.26,0.18,1.5604,-0.07142857,0,0.04,0.03
334,risk,quadratic-high,unobserved,unobserved,2125,strong-positive,matched,-2,0.3,36,-0.73,-0.2,0,0,0,0.71,-0.19,0.26,0.18,1.5604,-0.07142857,0,0.04,0.03
335,risk,quadratic-high,unobserved,unobserved,2125,negative,control,-2,0.3,36,-0.73,-0.2,0,0,0,0.71,-0.19,0.26,0.18,1.5604,-0.07142857,0,0.04,0.05
336,risk,quadratic-high,unobserved,unobserved,2125,negative,matched,-2,0.3,36,-0.73,-0.2,0,0,0,0.71,-0.19,0.26,0.18,1.5604,-0.07142857,0,0.04,0.05
337,risk,quadratic-high,unobserved,unobserved,17000,absent,control,-2,0.3,36,-0.73,-0.2,0,0,0,0.71,-0.19,0.26,0.18,1.5604,-0.07142857,0,0.04,0.04
338,risk,quadratic-high,unobserved,unobserved,17000,absent,matched,-2,0.3,36,-0.73,-0.2,0,0,0,0.71,-0.19,0.26,0.18,1.5604,-0.07142857,0,0.04,0.04
339,risk,quadratic-high,unobserved,unobserved,17000,strong-positive,control,-2,0.3,36,-0.73,-0.2,0,0,0,0.71,-0.19,0.26,0.18,1.5604,-0.07142857,0,0.04,0.03
340,risk,quadratic-high,unobserved,unobserved,17000,strong-positive,matched,-2,0.3,36,-0.73,-0.2,0,0,0,0.71,-0.19,0.26,0.18,1.5604,-0.07142857,0,0.04,0.03
341,risk,quadratic-high,unobserved,unobserved,17000,negative,control,-2,0.3,36,-0.73,-0.2,0,0,0,0.71,-0.19,0.26,0.18,1.5604,-0.07142857,0,0.04,0.05
342,risk,quadratic-high,unobserved,unobserved,17000,negative,matched,-2,0.3,36,-0.73,-0.2,0,0,0,0.71,-0.19,0.26,0.18,1.5604,-0.07142857,0,0.04,0.05
343,risk,non-monotonic,unobserved,unobserved,4250,absent,control,-2,0.3,36,-0.73,-0.2,0,0,0,0.71,-0.19,0.26,0.46,2.1,0.1,0,0.04,0.04
344,risk,non-monotonic,unobserved,unobserved,4250,absent,matched,-2,0.3,36,-0.73,-0.2,0,0,0,0.71,-0.19,0.26,0.46,2.1,0.1,0,0.04,0.04
345,risk,non-monotonic,unobserved,unobserved,4250,strong-positive,control,-2,0.3,36,-0.73,-0.2,0,0,0,0.71,-0.19,0.26,0.46,2.1,0.1,0,0.04,0.03
346,risk,non-monotonic,unobserved,unobserved,4250,strong-positive,matched,-2,0.3,36,-0.73,-0.2,0,0,0,0.71,-0.19,0.26,0.46,2.1,0.1,0,0.04,0.03
347,risk,non-monotonic,unobserved,unobserved,4250,negative,control,-2,0.3,36,-0.73,-0.2,0,0,0,0.71,-0.19,0.26,0.46,2.1,0.1,0,0.04,0.05
348,risk,non-monotonic,unobserved,unobserved,4250,negative,matched,-2,0.3,36,-0.73,-0.2,0,0,0,0.71,-0.19,0.26,0.46,2.1,0.1,0,0.04,0.05
349,risk,non-monotonic,unobserved,unobserved,2125,absent,control,-2,0.3,36,-0.73,-0.2,0,0,0,0.71,-0.19,0.26,0.46,2.1,0.1,0,0.04,0.04
350,risk,non-monotonic,unobserved,unobserved,2125,absent,matched,-2,0.3,36,-0.73,-0.2,0,0,0,0.71,-0.19,0.26,0.46,2.1,0.1,0,0.04,0.04
351,risk,non-monotonic,unobserved,unobserved,2125,strong-positive,control,-2,0.3,36,-0.73,-0.2,0,0,0,0.71,-0.19,0.26,0.46,2.1,0.1,0,0.04,0.03
352,risk,non-monotonic,unobserved,unobserved,2125,strong-positive,matched,-2,0.3,36,-0.73,-0.2,0,0,0,0.71,-0.19,0.26,0.46,2.1,0.1,0,0.04,0.03
353,risk,non-monotonic,unobserved,unobserved,2125,negative,control,-2,0.3,36,-0.73,-0.2,0,0,0,0.71,-0.19,0.26,0.46,2.1,0.1,0,0.04,0.05
354,risk,non-monotonic,unobserved,unobserved,2125,negative,matched,-2,0.3,36,-0.73,-0.2,0,0,0,0.71,-0.19,0.26,0.46,2.1,0.1,0,0.04,0.05
355,risk,non-monotonic,unobserved,unobserved,17000,absent,control,-2,0.3,36,-0.73,-0.2,0,0,0,0.71,-0.19,0.26,0.46,2.1,0.1,0,0.04,0.04
356,risk,non-monotonic,unobserved,unobserved,17000,absent,matched,-2,0.3,36,-0.73,-0.2,0,0,0,0.71,-0.19,0.26,0.46,2.1,0.1,0,0.04,0.04
357,risk,non-monotonic,unobserved,unobserved,17000,strong-positive,control,-2,0.3,36,-0.73,-0.2,0,0,0,0.71,-0.19,0.26,0.46,2.1,0.1,0,0.04,0.03
358,risk,non-monotonic,unobserved,unobserved,17000,strong-positive,matched,-2,0.3,36,-0.73,-0.2,0,0,0,0.71,-0.19,0.26,0.46,2.1,0.1,0,0.04,0.03
359,risk,non-monotonic,unobserved,unobserved,17000,negative,control,-2,0.3,36,-0.73,-0.2,0,0,0,0.71,-0.19,0.26,0.46,2.1,0.1,0,0.04,0.05
360,risk,non-monotonic,unobserved,unobserved,17000,negative,matched,-2,0.3,36,-0.73,-0.2,0,0,0,0.71,-0.19,0.26,0.46,2.1,0.1,0,0.04,0.05
